{
  "GET buyer/order" : {
    "transaction" : "GET buyer/order",
    "sampleCount" : 200,
    "errorCount" : 100,
    "errorPct" : 50.0,
    "meanResTime" : 386.38000000000005,
    "medianResTime" : 258.0,
    "minResTime" : 6.0,
    "maxResTime" : 1751.0,
    "pct1ResTime" : 860.6,
    "pct2ResTime" : 988.6999999999999,
    "pct3ResTime" : 1731.280000000006,
    "throughput" : 0.6875262119368301,
    "receivedKBytesPerSec" : 0.5112804788963828,
    "sentKBytesPerSec" : 0.1822884438875482
  },
  "POST auth/register (as buyer)" : {
    "transaction" : "POST auth/register (as buyer)",
    "sampleCount" : 200,
    "errorCount" : 100,
    "errorPct" : 50.0,
    "meanResTime" : 1203.7949999999987,
    "medianResTime" : 386.0,
    "minResTime" : 7.0,
    "maxResTime" : 6636.0,
    "pct1ResTime" : 3982.1,
    "pct2ResTime" : 4238.95,
    "pct3ResTime" : 5521.95,
    "throughput" : 0.676132521974307,
    "receivedKBytesPerSec" : 0.2915161215348208,
    "sentKBytesPerSec" : 0.8487576064908722
  },
  "PUT buyer/order/{id}" : {
    "transaction" : "PUT buyer/order/{id}",
    "sampleCount" : 200,
    "errorCount" : 100,
    "errorPct" : 50.0,
    "meanResTime" : 605.1649999999995,
    "medianResTime" : 503.5,
    "minResTime" : 6.0,
    "maxResTime" : 1662.0,
    "pct1ResTime" : 1401.6,
    "pct2ResTime" : 1461.35,
    "pct3ResTime" : 1631.830000000001,
    "throughput" : 0.6900549283722984,
    "receivedKBytesPerSec" : 0.33424535593033206,
    "sentKBytesPerSec" : 0.217663810414309
  },
  "GET buyer/product" : {
    "transaction" : "GET buyer/product",
    "sampleCount" : 200,
    "errorCount" : 100,
    "errorPct" : 50.0,
    "meanResTime" : 617.5200000000003,
    "medianResTime" : 230.0,
    "minResTime" : 7.0,
    "maxResTime" : 3946.0,
    "pct1ResTime" : 2177.800000000001,
    "pct2ResTime" : 2963.5499999999984,
    "pct3ResTime" : 3530.8900000000003,
    "throughput" : 0.679631775504032,
    "receivedKBytesPerSec" : 0.6666895688416017,
    "sentKBytesPerSec" : 0.23202058031208692
  },
  "POST seller/product" : {
    "transaction" : "POST seller/product",
    "sampleCount" : 200,
    "errorCount" : 100,
    "errorPct" : 50.0,
    "meanResTime" : 10552.310000000005,
    "medianResTime" : 9172.0,
    "minResTime" : 10.0,
    "maxResTime" : 42480.0,
    "pct1ResTime" : 28006.4,
    "pct2ResTime" : 36234.95,
    "pct3ResTime" : 42462.46000000001,
    "throughput" : 0.6267941983928997,
    "receivedKBytesPerSec" : 0.3066639583934011,
    "sentKBytesPerSec" : 2.4743098848970804
  },
  "GET seller/product" : {
    "transaction" : "GET seller/product",
    "sampleCount" : 200,
    "errorCount" : 100,
    "errorPct" : 50.0,
    "meanResTime" : 2461.3049999999994,
    "medianResTime" : 688.5,
    "minResTime" : 6.0,
    "maxResTime" : 17835.0,
    "pct1ResTime" : 7198.7,
    "pct2ResTime" : 12450.24999999999,
    "pct3ResTime" : 17533.75000000002,
    "throughput" : 0.665787826735376,
    "receivedKBytesPerSec" : 0.34394703158497447,
    "sentKBytesPerSec" : 0.18373208302540645
  },
  "POST auth/login (as buyer)" : {
    "transaction" : "POST auth/login (as buyer)",
    "sampleCount" : 200,
    "errorCount" : 100,
    "errorPct" : 50.0,
    "meanResTime" : 633.8399999999996,
    "medianResTime" : 292.0,
    "minResTime" : 7.0,
    "maxResTime" : 3966.0,
    "pct1ResTime" : 1699.3000000000009,
    "pct2ResTime" : 2271.85,
    "pct3ResTime" : 2991.78,
    "throughput" : 0.6773851578138071,
    "receivedKBytesPerSec" : 0.26791112198690614,
    "sentKBytesPerSec" : 0.23456114861661018
  },
  "GET seller/category/{id}" : {
    "transaction" : "GET seller/category/{id}",
    "sampleCount" : 200,
    "errorCount" : 100,
    "errorPct" : 50.0,
    "meanResTime" : 1902.8749999999998,
    "medianResTime" : 186.5,
    "minResTime" : 7.0,
    "maxResTime" : 16558.0,
    "pct1ResTime" : 7177.900000000006,
    "pct2ResTime" : 10520.8,
    "pct3ResTime" : 16535.67000000002,
    "throughput" : 0.6656681644200366,
    "receivedKBytesPerSec" : 0.22817336495257115,
    "sentKBytesPerSec" : 0.18629932705109004
  },
  "POST buyer/order" : {
    "transaction" : "POST buyer/order",
    "sampleCount" : 200,
    "errorCount" : 100,
    "errorPct" : 50.0,
    "meanResTime" : 1132.3050000000007,
    "medianResTime" : 428.0,
    "minResTime" : 7.0,
    "maxResTime" : 6703.0,
    "pct1ResTime" : 3117.4000000000005,
    "pct2ResTime" : 4273.999999999995,
    "pct3ResTime" : 6138.970000000008,
    "throughput" : 0.6838495257503538,
    "receivedKBytesPerSec" : 0.3325752576403088,
    "sentKBytesPerSec" : 0.22939678915551423
  },
  "DELETE seller/product/{id}" : {
    "transaction" : "DELETE seller/product/{id}",
    "sampleCount" : 200,
    "errorCount" : 101,
    "errorPct" : 50.5,
    "meanResTime" : 2319.2849999999985,
    "medianResTime" : 568.0,
    "minResTime" : 6.0,
    "maxResTime" : 40049.0,
    "pct1ResTime" : 4933.6,
    "pct2ResTime" : 15690.199999999997,
    "pct3ResTime" : 26948.79,
    "throughput" : 0.6947990814756143,
    "receivedKBytesPerSec" : 0.21238189501238477,
    "sentKBytesPerSec" : 0.20937946734096916
  },
  "GET buyer/product/{id}" : {
    "transaction" : "GET buyer/product/{id}",
    "sampleCount" : 200,
    "errorCount" : 100,
    "errorPct" : 50.0,
    "meanResTime" : 492.1500000000001,
    "medianResTime" : 208.0,
    "minResTime" : 6.0,
    "maxResTime" : 3506.0,
    "pct1ResTime" : 1545.2000000000014,
    "pct2ResTime" : 2003.5999999999997,
    "pct3ResTime" : 3469.7400000000002,
    "throughput" : 0.6811641094630724,
    "receivedKBytesPerSec" : 0.4024455920167566,
    "sentKBytesPerSec" : 0.18997094941505033
  },
  "POST auth/login (as seller)" : {
    "transaction" : "POST auth/login (as seller)",
    "sampleCount" : 200,
    "errorCount" : 89,
    "errorPct" : 44.5,
    "meanResTime" : 2505.630000000001,
    "medianResTime" : 566.5,
    "minResTime" : 7.0,
    "maxResTime" : 17045.0,
    "pct1ResTime" : 10440.000000000002,
    "pct2ResTime" : 13700.949999999997,
    "pct3ResTime" : 15003.420000000002,
    "throughput" : 0.6259506625687763,
    "receivedKBytesPerSec" : 0.25436581026183513,
    "sentKBytesPerSec" : 0.2179121308064748
  },
  "GET seller/category" : {
    "transaction" : "GET seller/category",
    "sampleCount" : 200,
    "errorCount" : 100,
    "errorPct" : 50.0,
    "meanResTime" : 2059.9199999999996,
    "medianResTime" : 190.0,
    "minResTime" : 6.0,
    "maxResTime" : 18532.0,
    "pct1ResTime" : 6711.3,
    "pct2ResTime" : 9316.549999999997,
    "pct3ResTime" : 18499.34000000003,
    "throughput" : 0.6532126631806885,
    "receivedKBytesPerSec" : 1.046479857371015,
    "sentKBytesPerSec" : 0.1808997198125933
  },
  "GET seller/product/{id}" : {
    "transaction" : "GET seller/product/{id}",
    "sampleCount" : 200,
    "errorCount" : 100,
    "errorPct" : 50.0,
    "meanResTime" : 1779.2800000000007,
    "medianResTime" : 632.0,
    "minResTime" : 6.0,
    "maxResTime" : 13259.0,
    "pct1ResTime" : 4973.9000000000015,
    "pct2ResTime" : 7500.299999999995,
    "pct3ResTime" : 11964.81,
    "throughput" : 0.6718375765474939,
    "receivedKBytesPerSec" : 0.34641625040730156,
    "sentKBytesPerSec" : 0.18802594909654644
  },
  "GET buyer/order/{id}" : {
    "transaction" : "GET buyer/order/{id}",
    "sampleCount" : 200,
    "errorCount" : 100,
    "errorPct" : 50.0,
    "meanResTime" : 373.36000000000035,
    "medianResTime" : 300.0,
    "minResTime" : 6.0,
    "maxResTime" : 1151.0,
    "pct1ResTime" : 782.5,
    "pct2ResTime" : 886.6499999999999,
    "pct3ResTime" : 1115.020000000001,
    "throughput" : 0.6882122997302208,
    "receivedKBytesPerSec" : 0.19557595627099048,
    "sentKBytesPerSec" : 0.18515868024968343
  },
  "Total" : {
    "transaction" : "Total",
    "sampleCount" : 3400,
    "errorCount" : 1676,
    "errorPct" : 49.294117,
    "meanResTime" : 1881.4844117647053,
    "medianResTime" : 246.5,
    "minResTime" : 6.0,
    "maxResTime" : 42480.0,
    "pct1ResTime" : 4300.700000000001,