{
  "POST products.json" : {
    "transaction" : "POST products.json",
    "sampleCount" : 200,
    "errorCount" : 0,
    "errorPct" : 0.0,
    "meanResTime" : 1393.104999999999,
    "medianResTime" : 1415.0,
    "minResTime" : 500.0,
    "maxResTime" : 2164.0,
    "pct1ResTime" : 1913.2000000000003,
    "pct2ResTime" : 2002.55,
    "pct3ResTime" : 2133.3500000000004,
    "throughput" : 1.0049796742860875,
    "receivedKBytesPerSec" : 2.0371693695385638,
    "sentKBytesPerSec" : 7.512223065288505
  },
  "PUT product/{id}.json" : {
    "transaction" : "PUT product/{id}.json",
    "sampleCount" : 200,
    "errorCount" : 0,
    "errorPct" : 0.0,
    "meanResTime" : 1591.0199999999995,
    "medianResTime" : 1685.0,
    "minResTime" : 734.0,
    "maxResTime" : 2333.0,
    "pct1ResTime" : 2030.0,
    "pct2ResTime" : 2145.7,
    "pct3ResTime" : 2241.8900000000003,
    "throughput" : 1.003461943705785,
    "receivedKBytesPerSec" : 2.0352638477748233,
    "sentKBytesPerSec" : 13.20893998356831
  },
  "GET categories/{id}.json" : {
    "transaction" : "GET categories/{id}.json",
    "sampleCount" : 200,
    "errorCount" : 0,
    "errorPct" : 0.0,
    "meanResTime" : 744.2099999999998,
    "medianResTime" : 720.5,
    "minResTime" : 131.0,
    "maxResTime" : 1907.0,
    "pct1ResTime" : 1243.5,
    "pct2ResTime" : 1415.1499999999999,
    "pct3ResTime" : 1811.3400000000015,
    "throughput" : 1.0076480486895538,
    "receivedKBytesPerSec" : 0.717358815912778,
    "sentKBytesPerSec" : 0.178109664856259
  },
  "PUT offers/{id}.json-1" : {
    "transaction" : "PUT offers/{id}.json-1",
    "sampleCount" : 200,
    "errorCount" : 0,
    "errorPct" : 0.0,
    "meanResTime" : 1396.94,
    "medianResTime" : 1319.0,
    "minResTime" : 371.0,
    "maxResTime" : 3346.0,
    "pct1ResTime" : 2138.4,
    "pct2ResTime" : 2350.5499999999993,
    "pct3ResTime" : 3196.440000000005,
    "throughput" : 1.0355879809658928,
    "receivedKBytesPerSec" : 20.841086758972075,
    "sentKBytesPerSec" : 0.416662351716746
  },
  "GET Categories.json" : {
    "transaction" : "GET Categories.json",
    "sampleCount" : 200,
    "errorCount" : 0,
    "errorPct" : 0.0,
    "meanResTime" : 820.6800000000004,
    "medianResTime" : 770.5,
    "minResTime" : 192.0,
    "maxResTime" : 2073.0,
    "pct1ResTime" : 1399.2,
    "pct2ResTime" : 1557.8,
    "pct3ResTime" : 1951.7400000000011,
    "throughput" : 1.002179740936537,
    "receivedKBytesPerSec" : 1.0471995339864204,
    "sentKBytesPerSec" : 0.1751857164332423
  },
  "PUT offers/{id}.json-0" : {
    "transaction" : "PUT offers/{id}.json-0",
    "sampleCount" : 200,
    "errorCount" : 0,
    "errorPct" : 0.0,
    "meanResTime" : 902.0649999999996,
    "medianResTime" : 733.0,
    "minResTime" : 24.0,
    "maxResTime" : 2661.0,
    "pct1ResTime" : 1784.8000000000002,
    "pct2ResTime" : 2065.2,
    "pct3ResTime" : 2569.4900000000034,
    "throughput" : 1.034532701578697,
    "receivedKBytesPerSec" : 1.1140421972957315,
    "sentKBytesPerSec" : 0.5031223490099521
  },
  "PUT offers/{id}.json" : {
    "transaction" : "PUT offers/{id}.json",
    "sampleCount" : 200,
    "errorCount" : 0,
    "errorPct" : 0.0,
    "meanResTime" : 2299.2399999999993,
    "medianResTime" : 2111.0,
    "minResTime" : 398.0,
    "maxResTime" : 6007.0,
    "pct1ResTime" : 3531.7,
    "pct2ResTime" : 3924.3999999999996,
    "pct3ResTime" : 5340.240000000006,
    "throughput" : 1.0325511758176515,
    "receivedKBytesPerSec" : 21.8918797916828,
    "sentKBytesPerSec" : 0.917599189447327
  },
  "GET user/{id}/offers.json" : {
    "transaction" : "GET user/{id}/offers.json",
    "sampleCount" : 200,
    "errorCount" : 0,
    "errorPct" : 0.0,
    "meanResTime" : 1061.125,
    "medianResTime" : 1003.5,
    "minResTime" : 38.0,
    "maxResTime" : 2254.0,
    "pct1ResTime" : 1731.0,
    "pct2ResTime" : 2018.6999999999998,
    "pct3ResTime" : 2249.5800000000004,
    "throughput" : 1.0259251279841597,
    "receivedKBytesPerSec" : 1.1303510811968442,
    "sentKBytesPerSec" : 0.4358178033917085
  },
  "PUT profiles.json" : {
    "transaction" : "PUT profiles.json",
    "sampleCount" : 200,
    "errorCount" : 0,
    "errorPct" : 0.0,
    "meanResTime" : 2651.89,
    "medianResTime" : 2596.0,
    "minResTime" : 1209.0,
    "maxResTime" : 4685.0,
    "pct1ResTime" : 3693.6000000000004,
    "pct2ResTime" : 4081.5999999999995,
    "pct3ResTime" : 4629.590000000001,
    "throughput" : 0.974445175278326,
    "receivedKBytesPerSec" : 1.3127793917025994,
    "sentKBytesPerSec" : 7.452378750091354
  },
  "GET product.json" : {
    "transaction" : "GET product.json",
    "sampleCount" : 200,
    "errorCount" : 0,
    "errorPct" : 0.0,
    "meanResTime" : 1085.3000000000006,
    "medianResTime" : 1083.0,
    "minResTime" : 249.0,
    "maxResTime" : 2070.0,
    "pct1ResTime" : 1603.7,
    "pct2ResTime" : 1716.9999999999998,
    "pct3ResTime" : 1914.3300000000006,
    "throughput" : 1.0117207852976735,
    "receivedKBytesPerSec" : 2.0808201688435526,
    "sentKBytesPerSec" : 0.4910402639579529
  },
  "POST offers.json" : {
    "transaction" : "POST offers.json",
    "sampleCount" : 200,
    "errorCount" : 0,
    "errorPct" : 0.0,
    "meanResTime" : 2157.6250000000023,
    "medianResTime" : 2117.0,
    "minResTime" : 391.0,
    "maxResTime" : 4281.0,
    "pct1ResTime" : 2934.9,
    "pct2ResTime" : 3611.2,
    "pct3ResTime" : 4270.070000000001,
    "throughput" : 1.0196590260216982,
    "receivedKBytesPerSec" : 21.60850155848509,
    "sentKBytesPerSec" : 0.9499557722897463
  },
  "Total" : {
    "transaction" : "Total",
    "sampleCount" : 3600,
    "errorCount" : 0,
    "errorPct" : 0.0,
    "meanResTime" : 1410.3063888888908,
    "medianResTime" : 1285.0,
    "minResTime" : 24.0,
    "maxResTime" : 6007.0,
    "pct1ResTime" : 2427.8,
    "pct2ResTime" : 2867.8999999999996,
    "pct3ResTime" : 3817.9199999999983,
    "throughput" : 16.963208685162847,
    "receivedKBytesPerSec" : 96.80593603338926,
    "sentKBytesPerSec" : 33.03100346656127
  },
  "GET products/{id}.json" : {
    "transaction" : "GET products/{id}.json",
    "sampleCount" : 200,
    "errorCount" : 0,
    "errorPct" : 0.0,
    "meanResTime" : 831.3950000000003,
    "medianResTime" : 728.0,
    "minResTime" : 130.0,
    "maxResTime" : 2151.0,
    "pct1ResTime" : 1362.0000000000005,
    "pct2ResTime" : 1627.8999999999992,
    "pct3ResTime" : 2055.800000000001,
    "throughput" : 1.0189680910142298,
    "receivedKBytesPerSec" : 2.0055063284287002,
    "sentKBytesPerSec" : 0.4288820773702472
  },
  "DELETE products/{id}.json" : {
    "transaction" : "DELETE products/{id}.json",
    "sampleCount" : 200,
    "errorCount" : 0,
    "errorPct" : 0.0,
    "meanResTime" : 1097.5449999999998,
    "medianResTime" : 1040.5,
    "minResTime" : 32.0,
    "maxResTime" : 2598.0,
    "pct1ResTime" : 1727.0,
    "pct2ResTime" : 2048.1499999999996,
    "pct3ResTime" : 2507.500000000003,
    "throughput" : 1.0389394506088185,
    "receivedKBytesPerSec" : 0.8922907121410465,
    "sentKBytesPerSec" : 0.459608956177534
  },
  "POST offers.json-1" : {
    "transaction" : "POST offers.json-1",
    "sampleCount" : 200,
    "errorCount" : 0,
    "errorPct" : 0.0,
    "meanResTime" : 1337.1050000000002,
    "medianResTime" : 1300.0,
    "minResTime" : 329.0,
    "maxResTime" : 2419.0,
    "pct1ResTime" : 1963.0000000000002,
    "pct2ResTime" : 2130.7,
    "pct3ResTime" : 2402.7200000000003,
    "throughput" : 1.0222126815705277,
    "receivedKBytesPerSec" : 20.561413779235284,
    "sentKBytesPerSec" : 0.41128088360064197
  },
  "POST users.json  " : {
    "transaction" : "POST users.json  ",
    "sampleCount" : 200,
    "errorCount" : 0,
    "errorPct" : 0.0,
    "meanResTime" : 1799.5749999999998,
    "medianResTime" : 1695.0,
    "minResTime" : 554.0,
    "maxResTime" : 3417.0,
    "pct1ResTime" : 2603.8,
    "pct2ResTime" : 2754.7,
    "pct3ResTime" : 3122.4200000000005,
    "throughput" : 0.9770109327523375,
    "receivedKBytesPerSec" : 1.6823240937612969,